{"cameraMode":{"drawMode":0,"name":"Shaded","section":"Shading Mode"},"sceneLighting":true,"audioPlay":false,"sceneViewState":{"showFog":true,"showMaterialUpdate":false,"showSkybox":true,"showFlares":true,"showImageEffects":true,"showParticleSystems":true},"in2DMode":false,"pivot":{"x":-24.306827545166017,"y":-26.9190673828125,"z":38.16170883178711},"rotation":{"x":-0.2680937945842743,"y":0.31935861706733706,"z":-0.09471312165260315,"w":-0.9039719104766846},"size":77.71177673339844,"orthographic":false}